Region,newinfections,hospitalized,recovered,deceased
Lazio,4690.051285624504,876.2618102431298,1417092.7445622284,11305.414864222212
Lombardia,13131.958248058956,1193.643573522568,2769086.0701529183,40121.27698554595
Sicilia,3485.5140194892883,692.1246730486553,1065520.8746002915,10870.333305001255
