,newinfections,hospitalized,recovered,deceased
Sicilia,3485.5140194892883,692.1246730486553,1065520.8746002915,10870.333305001257
