,newinfections,hospitalized,recovered,deceased
Lombardia,13131.958248058956,1193.643573522568,2769086.0701529183,40121.27698554595
