,newinfections,hospitalized,recovered,deceased
Lazio,4690.051285624504,876.2618102431298,1417092.7445622284,11305.414864222212
