Region,newinfections,hospitalized,recovered,deceased
Lazio,3465.6298749446887,802.2257457375525,1431897.8154894712,11330.48004881541
Lombardia,5369.55610089501,1061.8273480733235,2734497.019348026,40532.42077589036
Sicilia,839.4831352134554,644.8501703838507,1082935.6469882529,10892.255990485348
