,newinfections,hospitalized,recovered,deceased
Sicilia,839.4831352134554,644.8501703838507,1082935.6469882529,10892.255990485348
