,newinfections,hospitalized,recovered,deceased
Lazio,3465.6298749446887,802.2257457375525,1431897.8154894712,11330.48004881541
