,newinfections,hospitalized,recovered,deceased
Lombardia,5369.55610089501,1061.8273480733237,2734497.019348026,40532.42077589036
