,newinfections,hospitalized,recovered,deceased
Lombardia,9986.976108272871,1235.4161901474,2666025.5284924507,40329.40030789375
