,newinfections,hospitalized,recovered,deceased
Sicilia,4213.000375429789,769.9012897610664,1037712.2572028637,10811.386847019196
