,newinfections,hospitalized,recovered,deceased
Lazio,5284.462749958038,1258.9303101301193,1374388.8289920092,11245.716236233711
