Region,newinfections,hospitalized,recovered,deceased
Lazio,5284.462749958038,1258.930310130119,1374388.8289920092,11245.716236233711
Lombardia,9986.976108272873,1235.4161901474,2666025.5284924507,40329.40030789375
Sicilia,4213.000375429789,769.9012897610664,1037712.2572028636,10811.386847019196
