Region,newinfections,hospitalized,recovered,deceased
Lazio,4423.656487107278,1239.2541686296463,1373091.8792259693,11248.559319972992
Lombardia,9176.20861208439,1218.240760564804,2661991.655845642,40329.90421366692
Sicilia,4712.198524872462,813.072098493576,1029766.1004481316,10786.97704553604
