,newinfections,hospitalized,recovered,deceased
Lombardia,9176.20861208439,1218.240760564804,2661991.655845642,40329.904213666916
