,newinfections,hospitalized,recovered,deceased
Sicilia,4712.198524872462,813.072098493576,1029766.1004481316,10786.977045536041
