,newinfections,hospitalized,recovered,deceased
Lazio,4423.656487107278,1239.2541686296463,1373091.8792259693,11248.559319972992
